Wine,price,country,language,Note,label
Prologue Champagne Grand Cru N.V.,349.0,sweden,sv,"P√§ron. Tankarna g√•r mot Pol Roger. Fantastiskt trevligt torr och l√§cker. Mjuka bubblor, mjukare √§n vad som √§r vanligt p√• s√• h√§r torra champagner. Otroligt prisv√§rd. Spring och k√∂p till ny√•r. ",1
Prologue Champagne Grand Cru N.V.,349.0,sweden,sv,"Bra mousse som l√§gger sig snyggt, √§pplen √•t de gula o r√∂da h√•llet, grape, citroncest och blodapelsin ",1
Prologue Champagne Grand Cru N.V.,349.0,sweden,sv,"Godüòã, rej√§lt br√∂dig.",1
Prologue Champagne Grand Cru N.V.,349.0,sweden,sv,"Underbart god, h√§rliga br√∂d-toner och fin syra.",1
Prologue Champagne Grand Cru N.V.,349.0,sweden,sv,"Gr√§dde & n√∂tter, √§pple & p√§ron. Fina sm√• bubblor. Bara godare med mer luft och v√§rme! ",1
Prologue Champagne Grand Cru N.V.,349.0,sweden,sv,"Br√∂dig, mandelmassa och en j√§kla karakt√§r! Ser ni den...K√ñP, NJUT och k√∂p en till!!
",1
Prologue Champagne Grand Cru N.V.,349.0,sweden,sv,"Mycket smak , fin mousse, l√•ng smak , br√∂dig mmm",1
Prologue Champagne Grand Cru N.V.,349.0,sweden,sv,"Fruktigt, h√§rlig f√§rg, halvtorrt. Festligt.",1
Prologue Champagne Grand Cru N.V.,349.0,sweden,sv,"Fr√§sch, syrlig. Riktigt god!",1
Prologue Champagne Grand Cru N.V.,349.0,sweden,sv,"Kr√§ftskiva 5/9.
Mycket prisv√§rt.",1
Prologue Champagne Grand Cru N.V.,349.0,sweden,sv,Alldeles for sot. Lite obalanserad. Massor av chokladpralin i bade doft o smak ,0
Prologue Champagne Grand Cru N.V.,349.0,sweden,sv,"Wow effekt , t√§nk att kunna k√∂pa en s√•dan h√§r Grand Cru f√∂r detta pris.
Helt fantastisk  , sm√• h√§rliga bubblor som h√∂ll till sista sippen i glaset.
Br√∂d, mineral , √§pple  sv√•rt att inte vara n√∂jd efter denna.
Tur jag k√∂pte m√•nga üçæüçæ",1
Prologue Champagne Grand Cru N.V.,349.0,sweden,sv,"Torr, tunn och trist. Gr√∂na syrliga √§pplen som l√§mnar mycket √∂vrigt att √∂nska",0
Prologue Champagne Grand Cru N.V.,349.0,sweden,sv,"Anders och Maja firar att de √§r ett par üíù F√∂rsta kv√§llen hos oss, en r√§kbuffe‚Äô.",1
Prologue Champagne Grand Cru N.V.,349.0,denmark,en,"Very well balanced champagne, extremely soft and pleasant bubbles, nice acidity, smooth taste.
Lovely....... ",1
Prologue Champagne Grand Cru N.V.,349.0,france,en,"Straw yellow. Filled with yeast aromas, cookies, brioche , hints of apple pie. Fine bubbles, gentle champagne. Loved it ! Thanks to my wife!",1
Prologue Champagne Grand Cru N.V.,349.0,united-states,en,"A classy, elegant champagne with an excellent provenance. 
Bold, fresh, crisp with notes of apple, peach, toast. 
Extraordinary value! ",1
Prologue Champagne Grand Cru N.V.,349.0,sweden,en,"Light colour. Fresh and some acidity. Very little bread in nose. 
Taste Apricot and Peach. Some grape and lime in nose
Great at this price",1
Prologue Champagne Grand Cru N.V.,349.0,sweden,en,Great body and taste stays put for a long while. Lots of yeast and bread in both nose and flavour. Aromatic and good with food.,1
Prologue Champagne Grand Cru N.V.,349.0,united-states,en,"Biscuit, toast and almond. There, I've appeased the wine gods. With that out of the way this bottle fu**ing rocks. Drink 2. On a Sunday. ",1
Prologue Champagne Grand Cru N.V.,349.0,canada,en,"Really delicious, just the right amount of sweetness to go with sour lemon and mineral for days. Big ole bubbles that explode on your tongue, really nice mouthfeel.",1
Prologue Champagne Grand Cru N.V.,349.0,sweden,en,"Full body, complex and the taste lingers long and beautifully in the mouth. Taste of yeast, bread and yellow apples. Hint of orange flowers on the noes.",1
Prologue Champagne Grand Cru N.V.,349.0,norway,en,"H√∏y duftintensitet.
Croissant  brioche physalis  peach pear yellow apple straw lemon 
Frisk! Smaker melne epler og gul melon. Tette, skummende bobler. Sv√¶rt utholdende bobler. T√∏rr.",1
Prologue Champagne Grand Cru N.V.,349.0,netherlands,en,"Deep yellow, yeast, bread, Leather, caramel and minerals on the nose. Balanced mousse, dry, pear, peach, apple, pepper, minerals, beautiful long aftertaste with elegant grapefruit and minerality,",1
Prologue Champagne Grand Cru N.V.,349.0,sweden,en,"Bready, complex, a full rose garden, some perfectly ripe red apples, some oyster shells, some bread. Extremely complex and deep for the price, I would gladly drop the same money again. ",1
Prologue Champagne Grand Cru N.V.,349.0,belgium,en,"üçá70% Pinot Noir and 30% Chardonnay d√©gorgement 23.1.2017
üëÅgolden colour with ros√© gold reflections and a lot of small long lasting bubbles 
üëÉbrioche, yeast, ripe yellow apple and hazelnut 
üëÖ hazelnut again with a well matronised acidity. 
‚ù§Ô∏è it",1
Prologue Champagne Grand Cru N.V.,349.0,canada,en,"My house Champagne! Pinot dominant (at 70%) so you get red berries and cherries, and with some of the citrus and stone fruit of the Chardonnay (30%). Lots of autolytic character but not at the expense of fruitiness. This is versatile Brut (4.8 g/L dosage) and great value. ",1
Prologue Champagne Grand Cru N.V.,349.0,malaysia,en,"Very vinous champagne. Nose of apples and pear, with some brioche. In the mouth there are lots of tiny bubble giving it a foamy texture. Very smooth and very complex throughout the mouth. A lot of things happening especially on the finish.",1
Prologue Champagne Grand Cru N.V.,349.0,united-states,en,"Another beautiful champagne from the weekend. This one spent 3 years on its lees. 70% Chardonnay and 30% Pinot noir. Toasted bread, honey, hazelnut, lemon...yummmm. Super vinous as well. Medium body and medium + acidity. Loved this. ",1
Prologue Champagne Grand Cru N.V.,349.0,spain,en,"Fantastic and surprisingly good wine from this smaller house. And for a relatively cheap price. Sadly the importer had only brought one wine from this house.

(4.3) Nice and fragrant apple nose. Medium plus acidity, juicy, ripe white fruit, brioche, great chalky drying and peppery minerality.",1
Prologue Champagne Grand Cru N.V.,349.0,japan,en,"Elegant Champagne! Crispy. High acidity. Strong mineral feeling. Hint of lemon. Long finish. I feel strong oak feeling. First attack is very crispy, but fruity Pinot feeling comes in the aftertaste. Really good balanced Champagne. Very good as the starter of dinner.",1
Prologue Champagne Grand Cru N.V.,349.0,sweden,en,"Drinking a lovely bottle of Gran Cru ü•ÇChampagne üçæ from Verzenay Champagne France üá´üá∑ 

Non vintage Brut but base harvest is 2013 and bottling is 2014 date of D√©gorgement 4 November 2019 .

Grapes üçá 70 % Pinot Noir 30% Chardonnay 

Lovely bottle and label üè∑ 

Real champagne cork 

Yellow colour 

Lovely nice small bubbles 

Vineyard history starts at 1850 

  green apple üçè  lemon üçã toast üçû  pear üçê  minerals hazelnut  honey üçØ 

Price 349 SEK 

35,5 euro üí∂ 42 dollar üíµ 

I really love Champagne üçæ ",1
Prologue Champagne Grand Cru N.V.,349.0,united-states,en,"Though this is listed as non-vintage, the large majority of this 70%/30% (PN/Chardonnay) Grand Cru Champagne is from the 2012 vintage. The nose is spectacular and comprised of red apple, lemon curd, white flowers, toasted bread/dough, and almond. The palate continues with some red fruits, marzipan, lemon curd, and bread notes. Fantastic Champagne at an amazing price. I‚Äôm going to try to forget a bottle for a few years.... not sure it will make it though.",1
Prologue Champagne Grand Cru N.V.,349.0,denmark,en,"J.M. Labeuyeres Grand Cru NV Champagne is a masterpiece made from 70% Pinot Noir and 30% Chardonnay. Classic high acidity and dryness, and with a delicious note structure of citrus, apple, pear, peach and a fine taste of hazelnut and brioche. All flows elegant and well balanced and remember to buy bottles ..... You surely want to taste again tomorrow.",1
Prologue Champagne Grand Cru N.V.,349.0,sweden,en,"Super minerally initially, like biting into a very bubbly piece of blackboard chalk. Would not have pegged this at 60% PN. Opened up a bit with air/temp and showed more yellow apples and stone fruit. Needs more time to shine, but great QPR!",1
Prologue Champagne Grand Cru N.V.,349.0,united-states,en,"70% PN 30% Chardonnay. 2013 harvest, 2014 bottling, 2018-2019 disgorgement. Eye: medium burnished gold. Nose: marzipan, almonds, sultanas, some dense heavy floral notes, limestone minerality, some apricot and poached pear, some muted pineapple notes. High fine carbonation and high acidity with just a little sugar to ameliorate the biting dryness. Tasty with this triple creme brie. Light butter, hint of saline. Favorite affordable champagne; would happily buy again at $50-55. ",1
Prologue Champagne Grand Cru N.V.,349.0,canada,en,"Second time with this champagne and it has to be one of my favourites, and demonstrates so well that Grower-Producer champagnes are where to look for huge QPR, as well as some unique wines. 

3 years on the lees here, 5 years of bottle age at this point, 70% PN to 30% Chardonnay. 

Baked apple pie is the best way to describe this champagne for both the palate and nose, accompanied by bruised apple, Granny Smith, good acidity, and some red fruit notes on the palate. 

A winner! ",1
Prologue Champagne Grand Cru N.V.,349.0,canada,en,"It's the newest grower champagne, aged on lees for three years so the grapes in this is from 2012 and part of 2010. How exciting!
The nose is an aromatic bomb and on the palate it's heavy and very full-bodied.Crisp and sharp acidity and an amazing autolytic character.",1
Prologue Champagne Grand Cru N.V.,349.0,sweden,en,"This was close to perfect, fruity and fresh apple and pears. In all a great acquaintance that will be welcomed again and again. Enjoyed this together with French onion soup and a vegetarian pasta dish that my wife invented. To summarise a great evening and start of the holidays. Cheers to all and Merry Christmas.",1
Prologue Champagne Grand Cru N.V.,349.0,latvia,ru,"–ö–ª–∞—Å—Å–Ω–æ–µ. –ö–ª—É–±–Ω–∏–∫–∞ —Å–æ —Å–ª–∏–≤–∫–∞–º–∏ –≤ –∞—Ä–æ–º–∞—Ç–µ –∏ –≤–∫—É—Å–µ. –û—á–µ–Ω—å –≥–∞—Ä–º–æ–Ω–∏—á–Ω–æ–µ, –ª–µ–≥–∫–æ–µ. –î–æ–∑–∞–∂ –º–∏–Ω–∏–º–∞–ª—å–Ω—ã–π, –ø—Ä–∏ —ç—Ç–æ–º –≤—Å–µ –≤ –±–∞–ª–∞–Ω—Å–µ, –±–æ–ª—å—à–µ –Ω–µ –Ω–∞–¥–æ. ",1
Prologue Champagne Grand Cru N.V.,349.0,united-kingdom,en,"Outstanding champagne from an outstanding producer; tried this at a tasting recently but what a bomb that was. 
On the palate is heavy and full bodied with layers over layers of pears, red apples, cooked pears well expressed by the fine bubbles; round and smooth on the palate but well balanced by the sharp acidity
Very long aftertaste ",1
Prologue Champagne Grand Cru N.V.,349.0,denmark,en,"I live this premier grand cru champagne with beautiful notes from brioche, hazelnut, toast and pear üëèüèªü•Çüçæ",1
Prologue Champagne Grand Cru N.V.,349.0,belgium,en,Very fine bubbles. Brioche and pear on the nose. Nice tang on the palate with hints of  orange and lemon curd.  Wonderful!,1
Prologue Champagne Grand Cru N.V.,349.0,australia,en,"Wonderful champagne. Bready yeast, apple and citrus. Firm persistent bead and a crisp but long gentle finish. ",1
Prologue Champagne Grand Cru N.V.,349.0,russia,ru,"93 YB 
–•–æ—Ä–æ—à–æ —Å–±–∞–ª–∞–Ω—Å–∏—Ä–æ–≤–∞–Ω–Ω–æ–µ, –≥–∞—Ä–º–æ–Ω–∏—á–Ω–æ–µ —à–∞–º–ø–∞–Ω—Å–∫–æ–µ.
70% - –ü–∏–Ω–æ –ù—É–∞—Ä, 30% - –®–∞—Ä–¥–æ–Ω–µ. –í—ã–¥–µ—Ä–∂–∫–∞ –Ω–∞ –æ—Å–∞–¥–∫–µ - 5 –ª–µ—Ç, –¥–µ–≥–æ—Ä–∂–∞–∂ - –º–∞–π 2019. –î–æ–∑–∞–∂ - 1,6 –≥/–ª.
",1
Prologue Champagne Grand Cru N.V.,349.0,netherlands,nl,"Waanzinnige non-vintage champagne. Tonen van brioche, appel, toast, citrus, krijt en boter. Mooie mousse met goed ge√Øntegreerde bubbels. Lange afdronk. ",1
Prologue Champagne Grand Cru N.V.,349.0,australia,en,Brilliant champers - to die for! ,1
Prologue Champagne Grand Cru N.V.,349.0,united-states,en,"RIP MJ, you would have enjoyed this champagne ü•Ç ",1
Prologue Champagne Grand Cru N.V.,349.0,australia,en,Light and vibrant ,1
Prologue Champagne Grand Cru N.V.,349.0,sweden,en,"Apple, hazelnut and lemon, high quality high Pinot Noir content so good with food",1
Prologue Champagne Grand Cru N.V.,349.0,belgium,en,"Excellent. Great brioche taste, apple & yeast.",1
Prologue Champagne Grand Cru N.V.,349.0,australia,en,"Caramel and brioche, ripe fruits ",1
Prologue Champagne Grand Cru N.V.,349.0,united-states,en,"Bread on the nose, depth on the palate, full bodied, long finish, nice complexity. ",1
Prologue Champagne Grand Cru N.V.,349.0,united-states,en,Happy engagement to us!  And with a magnificent champagne. Classically flinty and sharp. Pale straw color. Loamy nose. This is as good as it gets. ,1
Prologue Champagne Grand Cru N.V.,349.0,united-states,en,Well balanced. Not too sweet. Not too dry. Bubbly. Paired well with Indian food. ,1
Prologue Champagne Grand Cru N.V.,349.0,sweden,en,"Lemon zest, rhubarb, green apples, chalk and gooseberries ",1
Prologue Champagne Grand Cru N.V.,349.0,united-states,en,"Amazing champagne. Complex and definitely not run of the mill. Med-small bubbles. Notes of Fuji apple, brioche, honeysuckle. ",1
Prologue Champagne Grand Cru N.V.,349.0,united-states,en,Winemaker‚Äôs notes  apple brioche pear citrus lemon minerals toast yeast hazelnut,1
Prologue Champagne Grand Cru N.V.,349.0,lithuania,en,"White Pinot Noir. Elegant but also very accessible. Powerful on the palate and with complex nose. Long finish. Tirage 2015, Degorgement 2020.",1
Prologue Champagne Grand Cru N.V.,349.0,sweden,en,Value for money! Green notes of pear and some apples. That heavenly bread notes! Solid 4.3,1
Prologue Champagne Grand Cru N.V.,349.0,united-states,en,This is a all around  winner.  Need to stock up on thus one for hits on all notes. üòÅüòÅüòÅ,1
Prologue Champagne Grand Cru N.V.,349.0,sweden,en,"Super!
Really nice with deep yet balanced flavours. üëåüëåüëå",1
Prologue Champagne Grand Cru N.V.,349.0,netherlands,en,Just what we need. ,1
Prologue Champagne Grand Cru N.V.,349.0,romania,en,"Aromatic profile with peach, raspberry, lemon and crisp acidity very refreshing nice on the finish ",1
Prologue Champagne Grand Cru N.V.,349.0,germany,en,"I simply love this Champaign... buttery apple pie with rhubarb, nice acidity and long finish ",1
Prologue Champagne Grand Cru N.V.,349.0,australia,en,Excellent value pure elegant savoury . Good length and clean finish. ,1
Prologue Champagne Grand Cru N.V.,349.0,malta,en,"Fantastic .
Tasted at a wine fair and had no expectations..very well made and complex notes.",1
Prologue Champagne Grand Cru N.V.,349.0,sweden,en,"Great Champagne, green apples, citrus and some grapefruit. ",1
Prologue Champagne Grand Cru N.V.,349.0,ukraine,en,"Balanced and delicious, green apples notes, recommended!",1
Prologue Champagne Grand Cru N.V.,349.0,russia,ru,"–•–æ—Ä–æ—à–æ, –æ—á–µ–Ω—å!
4.3*

–ü—ã—à–Ω–∞—è –∞—Ä–æ–º–∞—Ç–∏–∫–∞, –æ–±–µ—â–∞—é—â–∞—è –≤ –±—É–¥—É—â–µ–º –æ—Ä–µ—Ö–∏ –∏ —Ö–ª–µ–±.
–°—Ç—Ä–æ–≥–∏–π –≤–∫—É—Å —Å –º–∏–Ω–µ—Ä–∞–ª–∞–º–∏ –∏ —Å–±–∞–ª–∞–Ω—Å–∏—Ä–æ–≤–∞–Ω–Ω–æ–π –∫–∏—Å–ª–æ—Ç–Ω–æ—Å—Ç—å—é.
–í —Ü–µ–ª–æ–º –æ—á–µ–Ω—å –∑–∞–≤–µ—Ä—à–µ–Ω–Ω–æ–µ, –Ω–æ –≤–ø–æ–ª–Ω–µ –≥–æ—Ç–æ–≤–æ–µ –∫ –≤—ã–¥–µ—Ä–∂–∫–µ. ",1
Prologue Champagne Grand Cru N.V.,349.0,switzerland,ru,"–ê–±—Å–æ–ª—é—Ç–Ω–æ –¥–æ—Å—Ç–æ–π–Ω–æ! –í–ø–µ—á–∞—Ç–ª–µ–Ω–∏–µ —Å–∏–ª—å–Ω—ã–µ - —Ñ—Ä—É–∫—Ç–æ–≤–æ–µ, –∫—Ä–µ–ø–∫–æ–µ, —Å–±–∞–ª–∞–Ω—Å–∏—Ä–æ–≤–∞–Ω–Ω–æ–µ, –∏–Ω—Ç–µ—Ä–µ—Å–Ω–æ–µ. –û—á–µ–Ω—å –ø–æ–Ω—Ä–∞–≤–∏–ª–æ—Å—å, –±—ã–ª–æ —Å—é—Ä–ø—Ä–∏–∑ –ø—Ä–∏—è—Ç–Ω—ã–π! –°–æ—á–µ—Ç–∞–µ—Ç—Å—è —Å –∞—Ä–æ–º–∞—Ç–Ω–æ–π –µ–¥–æ–π, –¥–∞–∂–µ —Å–æ —Å–ø–∞—Ä–∂–µ–π.",1
Prologue Champagne Grand Cru N.V.,349.0,italy,un,"Pan brioche, burro. Bolla intensa e persistente, sorso pieno e appagante. Nota citrica e agrumata ben definita.",1
Prologue Champagne Grand Cru N.V.,349.0,switzerland,de,"Mr. Girard hat ihn entdeckt und wir lieben ihn. Traumhafter Champagner mit feiner Perlage, angenehmer S√§ure sowie Frucht sowie einem Hauch Fass. Cheers to friendship and (extended) family ü•Ç ",1
Prologue Champagne Grand Cru N.V.,349.0,italy,it,"complessit√† aromatica, note di frutta secca, torrefazione, nocciole tostate. La ricca personalit√† delle uve Chardonnay, per quanto sia la componente minore tra i due vitigni, esalta al palato la struttura del Pinot Nero in un armonioso equilibrio con un finale persistente e delicato.",1
Prologue Champagne Grand Cru N.V.,349.0,russia,ru,"4.3 –î–∞–≤–Ω–æ! –î–∞–≤–Ω–æ –Ω–µ —É–ø–æ—Ç—Ä–µ–±–ª—è–ª —Ç–∞–∫–æ–π —Ä–æ—Å–∫–æ—à–∏! –ö–ª–∞—Å—Å–∏—á–µ—Å–∫–∏–π –∑–∞–ø–∞—Ö –∏ –≤–∫—É—Å —Å–≤–µ–∂–µ–≥–æ —Ç–æ—Å—Ç–∞ –ø–æ–º–Ω–æ–∂–µ–Ω–Ω—ã–π –Ω–∞ –∏–¥–µ–∞–ª—å–Ω—É—é –∫–∏—Å–ª–æ—Ç–Ω–æ—Å—Ç—å! –ß—É—Ç—å –≥—Ä—É—à–∏ –∏ –≥—Ä–µ–π–ø—Ñ—Ä—É—Ç–∞. –û—á–µ–Ω—å –≤–∫—É—Å–Ω–æ! –ù–∞—Å—Ç–æ—è—â–∏–π, –∫–ª–∞—Å—Å–∏—á–µ—Å–∫–∏–π —à–∞–º–ø! –ù—É –∏ –ø–æ–≤–æ–¥ —Ö–æ—Ä–æ—à–∏–π.",1
Prologue Champagne Grand Cru N.V.,349.0,norway,no,"H√∏y DI. Duft av fransk bakverk, croisssant, physalis, sitron, fersken, gult eple, hint av p√¶re, str√•preg, veldig behagelig duft! Smak av melne epler, sitron, skrope, bakst, gul melon, sur fersken. Lang finish. Lett kremet munnf√∏lelse, spreke bobler. Noks√• h√∏y friskhet. ",1
Prologue Champagne Grand Cru N.V.,349.0,netherlands,nl,"Zeer mooie Grand cru champagne.

70% pinot noir
30% chardonnay
4,8g/l dosage 

Goudgeel van kleur en weinig bubbel activiteit in het glas.

In de neus appelcider, romig en tikje vanille. 

In de mond zeer geconcentreerd en schuimt heel mooi. Een volle mond beleving. 

Tot slot een droge afdronk voorzien van een prachtig pallet van zuren.

Wat een geweldig glas!",1
Prologue Champagne Grand Cru N.V.,349.0,belgium,nl,"üá´üá∑, üçæ, grand cru, 70 PN 30 chardo, d√©gorgement 2017. Dosage 4,8 g/L.
Herproeven. Zie vorige TN. 
We vullen de neus aan met rozijnen en veranderen de amandel in marzipan. 
Heerlijke rijke champie. Score blijft 4,3/5 üòç
",1
Prologue Champagne Grand Cru N.V.,349.0,norway,no,"Veldig frisk og god. Hint av sitrus men ikke utpreget syrlig. Gr√∏nt eple, p√¶re og br√∏d-smak. Melon og grapefruit. Gulaktig farge, flotte bobler. ",1
Prologue Champagne Grand Cru N.V.,349.0,netherlands,nl,"Altijd een mooi moment voor champagne. Nu met @[1|17683561|Max Petter] 
Lekker. Appel, citrus, perzik komen mooi naar voren. Grand cru, extra brut, 75% pinot noir, 25% chardonnay. @[1|13049759|Carlito Arke] al gedronken?",1
Prologue Champagne Grand Cru N.V.,349.0,france,fr,"Jolies bulles tout en finesse. La bouche est fruit√©e, ronde et agr√©able pour ce champagne grand cru avec 70% de pinot noir avec de  belles notes de  noyau de cerise. Jolie acidit√© et belle finale. Id√©al en ap√©ritif.  1ere cuv√©e de la maison Labruy√®re.",1
Prologue Champagne Grand Cru N.V.,349.0,spain,un,Simplemente muy bueno ,1
Prologue Champagne Grand Cru N.V.,349.0,sweden,un,Really pleasant ,1
Prologue Champagne Grand Cru N.V.,349.0,netherlands,un,Top!!!,1
Prologue Champagne Grand Cru N.V.,349.0,france,un,Finesse expression √©quilibre ,1
Prologue Champagne Grand Cru N.V.,349.0,sweden,un,Nice one!,1
Prologue Champagne Grand Cru N.V.,349.0,belgium,un,91,1
Prologue Champagne Grand Cru N.V.,349.0,canada,un,Excellent ,1
Prologue Champagne Grand Cru N.V.,349.0,japan,un,"„Åó„Å£„Åã„Çä„Åó„ÅüÈÖµÊØçÊÑü„ÇÑ„Éà„Éº„Çπ„ÉàÊÑü„ÇíÊÑü„Åò„ÇãÔºàÂ•Ω„ÅçÂ´å„ÅÑ„ÅÆ„Çè„Åã„Çå„Çã„Å®„Åì„Åã„ÇÇÔºâ
Âéö„Åø„ÅÆ„ÅÇ„ÇãËä≥ÈÜá„Å™Âë≥„Çè„ÅÑ",1
Prologue Champagne Grand Cru N.V.,349.0,denmark,un,Very very Nice ,1
Prologue Champagne Grand Cru N.V.,349.0,germany,un,"Top solider Champagner. Hefe, Apfel, Zitrus. Wenig Dosage. Feine Perlage. Toll!",1
Prologue Champagne Grand Cru N.V.,349.0,belgium,un,üëåü•Ç,1
Prologue Champagne Grand Cru N.V.,349.0,sweden,un,Good value!,1
Prologue Champagne Grand Cru N.V.,349.0,japan,un,"‰∫∫Ê∞ó‰∏äÊòá‰∏≠„ÅÆ„Ç∑„É£„É≥„Éë„Éº„Éã„É•„ÄÇ
Á¢∫„Åã„Å´„ÅÜ„Åæ„ÅÑ„Åó„ÄÅ„Éê„É™„É•„ÉºÈ´ò„Åó„ÄÇ",1
Prologue Champagne Grand Cru N.V.,349.0,france,un,Ermitage,1
Prologue Champagne Grand Cru N.V.,349.0,russia,un,–°—á–∞—Å—Ç—å–µ,1
Prologue Champagne Grand Cru N.V.,349.0,russia,un,–ü—Ä–∏—è—Ç–Ω–æ–µ. –û—Å–≤–µ–∂–∞—é—â–µ–µ.,1
Prologue Champagne Grand Cru N.V.,349.0,sweden,un, lemon brioche,1
Prologue Champagne Grand Cru N.V.,349.0,united-states,un,fantastic brand cru,1
Prologue Champagne Grand Cru N.V.,349.0,russia,en,"Great effort from Burgundy origin owners running inter alia Domaine Jacques Prieur. it shows perfect GC expression,fresh and vibrant, brioche and citrus peel Tasted in 2020",1
Prologue Champagne Grand Cru N.V.,349.0,united-states,en,"RM. Great! Heavy on Pinot noir (70%). Rich nose of conference pear, yellow apple and almonds. Pear madness on the palate with vanilla and velvety minerals. Endless pleasant finish. Must buy.",1
Prologue Champagne Grand Cru N.V.,349.0,italy,it,Un ottimo champagne dall invidiabile rapporto qualit√†/prezzo. Bollicina fine e persistente. Buoni sentori di crosta di pane e frutta bianca.,1
Prologue Champagne Grand Cru N.V.,349.0,switzerland,de,"4.5- gr√ºner Apfel üçè, Zitronen üçã und Limetten mit herrlicher Perlage und toller Nase üëÉ 
Erfrischender Abgang üòÄ",1
Prologue Champagne Grand Cru N.V.,349.0,belgium,nl,"Hele lekkere NV champagne. 75%PN 25%CH. Heel lage dosage. 
Frisse zuren, appel, heel lange nadronk. Eentje om te onthouden",1
Prologue Champagne Grand Cru N.V.,349.0,norway,un,Digggg,1
Prologue Champagne Grand Cru N.V.,349.0,australia,en,"Deep straw yellow to golden colour, very fine bubbles. Very complex on the nose with Brioche, almond and green apple and pear. Palate is full of ripe apple and cooked pear as well as toasted Brioche. Bubbles are very smooth and texture is round with complete dry finish. ",1
Prologue Champagne Grand Cru N.V.,349.0,sweden,en,"Yeeeez.
Been in the cellar for approx 1 year since I last drank it!
Perfect champagne, a lot of mousse, honey and freshly made apple pie. Gold plated silver in color and just as sweet taste to it! 

Time to drink is now!
Thank god I have 6 more bottles in the cellar!",1
Prologue Champagne Grand Cru N.V.,349.0,ukraine,en,"The delicate aroma is dominated by shades of dried fruits, toast, and cream. 
The taste is well balanced, mineral, rich . 
The aftertaste leaves a pleasant freshness.
Chardonnay; Pinot Noir;
Grand cru

Champagne Grand Cru is produced from 6 hectares of vineyards located in Verzen and Verzi. 

In 1873, in the unofficial classification, Verzene entered the top 3 best crus in Champagne, which is why the Labruyere family chose this area. 

Love ‚ù§Ô∏è ‚ù§Ô∏è‚ù§Ô∏è",1
Prologue Champagne Grand Cru N.V.,349.0,germany,en,"Pale lemon ! Middle (+) intensity with milky strawberries, chalk , butter and some apples! Dry with middle(+) acidity middle (+) body and following aromas : apple , grapefruit , lemon , lime and butter ! Very long finish and very good quality.
Can be drunk but have amazing aging potential 
Cheers !!!",1
Prologue Champagne Grand Cru N.V.,349.0,united-kingdom,en,"Owners have interests in multiple Domaines across France Vineyards, included Bordeaux and Bourgogne. 

This Champagne is made with a Burgundian approach: 
- specific climates are selected (all on Montagne de Reims, Grand Cru Verzenay and Verzy) 
- harvest is slightly later than other growers
- full malolactic is made
- a bit is aged in oak

The result, a champagne with a lower acidity, yet the no dosage give the tension through dryness. 
Apple, cream, yeast and bruised apple towards the end. 

Excellent üëå",1
Prologue Champagne Grand Cru N.V.,349.0,united-kingdom,en,"Clear pale lemon

Clean medium + intensity nose of apple brioche pear minerals green apple yeast
Developing

Dry
Medium intensity flavours of fresh  apple pear green apple lemon brioche minerals  toast
Medium + acidity
High alcohol
Full body
BLIC 4/4 outstanding
Drink now, potential for ageing 

An absolute cracker of a champagne at a great price.
",1
Prologue Champagne Grand Cru N.V.,349.0,panama,en,"A stunning grand cru champagne from a small grower producer.

Beautiful rose gold color. Very fine bubbles. On the nose brioche, caramel, and citric fruits.

En the palate crisp and refreshing, dry but not acid with lots of fruit. A long linger. A true delight to enjoy.",1
Prologue Champagne Grand Cru N.V.,349.0,united-states,en,"Dry crisp pears gentle bubbles.
 Very nice",1
Prologue Champagne Grand Cru N.V.,349.0,netherlands,nl,Zeer goede champagne. Fruitig. Heerlijk.,1
Prologue Champagne Grand Cru N.V.,349.0,lithuania,lt,"Nuostabus. Kepiniai, obuoliai, kriau≈°ƒós.",1
Prologue Champagne Grand Cru N.V.,349.0,norway,no,"Br√∏ddeig, gj√¶r, sitrus, fruktig med fine perler god lengde. ",1
Prologue Champagne Grand Cru N.V.,349.0,norway,no,Gule epler og br√∏d. Delikat. Fizzy.,1
Prologue Champagne Grand Cru N.V.,349.0,france,fr,"Mais oui, c‚Äôest toujours aussi bon, je ne change pas d‚Äôavis!
ü•Ç‚öúÔ∏èüëë",1
Prologue Champagne Grand Cru N.V.,349.0,ukraine,ru,"–®–∏–∫–∞—Ä–Ω–æ–µ —à–∞–º–ø–∞–Ω—Å–∫–æ–µ, –º—è–≥–∫–æ–µ –≤–∫—É—Å–Ω–æ–µ —Å –∫–∞—Ä–∞–º–µ–ª—å–Ω—ã–º –≤–∫—É—Å–æ–º –∏ –º–µ–ª–æ–≤—ã–º –ø–æ—Å–ª–µ–≤–∫—É—Å–∏–µ–º",1
Prologue Champagne Grand Cru N.V.,349.0,germany,de,"Erneut ganz oben auf der Skala, Apfel, Brioche, R√∂stnoten, langer trockener Abgang, üîùü•Çüå∏",1
Prologue Champagne Grand Cru N.V.,349.0,japan,ja,"ÂÄ§ÊÆµÂ∏Ø„Å´ÂØæ„Åó„Å¶„Éê„É©„É≥„Çπ„ÅÆ„Å®„Çå„ÅüË±äÊΩ§„Å™„Ç∑„É£„É≥„Éë„É≥„ÄÇ
„Éñ„É©„É≥„Éâ„Éñ„É©„É≥„ÅÆÁéãÈÅì„Çø„Ç§„Éó„ÄÇ
„Åù„ÅÆ‰∏≠„Åß„ÇÇ„Ç≥„Çπ„Éë„ÅåËâØ„ÅÑÈÉ®È°û„Åß„ÅØ„ÄÇÂë≥„Çè„ÅÑ„ÅÆ„Éê„É©„É≥„Çπ„Å´„Çπ„Ç≠„Åå„Å™„Åè„ÄÅÈñìÈÅï„ÅÑ„Å™„ÅÑ„ÄÇ",1
Prologue Champagne Grand Cru N.V.,349.0,russia,ru,"–ê–±—Å–æ–ª—é—Ç–Ω–æ –º–æ—ë —à–∞–º–ø–∞–Ω—Å–∫–æ–µ. –ù–∞—Å—ã—â–µ–Ω–Ω–æ–µ –∏ —è—Ä–∫–æ–µ. –®–∏–∫. 
5 –ª–µ—Ç –Ω–∞ –æ—Å–∞–¥–∫–µ. ",1
Prologue Champagne Grand Cru N.V.,349.0,netherlands,nl,"Top! Veel groene appel, citrus, fris. Echt liefhebber!!!!",1
Prologue Champagne Grand Cru N.V.,349.0,united-states,en,From Last Bottle,1
Prologue Champagne Grand Cru N.V.,349.0,united-states,en,"Deliciously crisp and with scents of lemon, honey. Tastes buttery, a bit of cedar. ",1
Prologue Champagne Grand Cru N.V.,349.0,norway,en,"Rich, balanced, toast",1
Prologue Champagne Grand Cru N.V.,349.0,estonia,en,"Gentle, round, pleasantly speaking to you. You will like to spend time with it just alone with no additional bites...",1
Prologue Champagne Grand Cru N.V.,349.0,belgium,nl,"Goudgeel van kleur. In de neus duidelijk appel en brioche tonen. Heel fijne pareling.
In de mond zacht met een top afdronk. Een echte maaltijd champagne.",1
Prologue Champagne Grand Cru N.V.,349.0,ukraine,ru,"–¶–µ–Ω–∞/–∫–∞—á–µ—Å—Ç–≤–æ –ø—Ä–æ—Å—Ç–æ –ø–æ—Ä–∞–∑–∏—Ç–µ–ª—å–Ω—ã–µ. –ü–∏—Ç—å –∏ –ø–æ–∫—É–ø–∞—Ç—å –¥–æ–º–æ–π! –ò–∑ –¥–µ–≥—É—Å—Ç–∞—Ü–∏–∏ —ç—Ç–æ –±—ã–ª–æ –æ—Ç–∫—Ä—ã—Ç–∏–µ. –¢–æ—Å—Ç—ã —Å–æ —Å–ª–∏–≤–æ—á–Ω—ã–º –º–∞—Å–ª–æ–º. –ö—Ä–∞—Å–æ—Ç–∞

–î–µ–≥—É—Å—Ç–∞—Ü–∏—è –®–∞–º–ø–∞–Ω—å 1. 
24.01.2022 ",1
Prologue Champagne Grand Cru N.V.,349.0,netherlands,un,Amazing ,1
Prologue Champagne Grand Cru N.V.,349.0,ukraine,en,Perfect for reflect ,1
Prologue Champagne Grand Cru N.V.,349.0,switzerland,en,"Fruity, light and very pleasant to drink ",1
Prologue Champagne Grand Cru N.V.,349.0,united-states,en,Robin likes this bubbly!,1
Prologue Champagne Grand Cru N.V.,349.0,switzerland,en,Taking a nose full is like stepping into a bakery in the early morning: extremely pleasant!,1
Prologue Champagne Grand Cru N.V.,349.0,united-kingdom,en,"Great value, extremely delicious crisp long champagne, one of my favourites ",1
Prologue Champagne Grand Cru N.V.,349.0,sweden,en,"Lovely wine, fruity taste. Perfect to sushi. ",1
Prologue Champagne Grand Cru N.V.,349.0,ukraine,en, apple brioche toast citrus pear,1
Prologue Champagne Grand Cru N.V.,349.0,united-kingdom,en,Lovely brioche and mushroom notes,1
Prologue Champagne Grand Cru N.V.,349.0,united-states,en,"My new favorite!
70% pinot noir
30% chardonnay",1
Prologue Champagne Grand Cru N.V.,349.0,united-states,en,"Gentle, dry, pear, flint
",1
Prologue Champagne Grand Cru N.V.,349.0,denmark,da,"Flot m√∏rkere gullig farve. Forf√∏rende bobler og l√¶kker bouquet af perfekt g√¶r/rugbr√∏d. L√¶kker harmonisk og moden smag, som ikke bliver d√•rligere af, at LFC lige har vunder FA Cuppen for 8. gangüèÜüî¥üçæü•Ç",1
Prologue Champagne Grand Cru N.V.,349.0,sweden,en,"A light champagne with less flavour, almost like a Mo√´t if not even lighter. This is not a barrel aged champagne if you‚Äôre looking for one. It has a nice yellow colour and is very frizzy. I have never before tried this champagne and I prefer more aged champagne. ",0
Prologue Champagne Grand Cru N.V.,349.0,netherlands,en,"Yellow fruit, peach, brioche, on the palate to sweet for my taste to really enjoy it !!!",0
Prologue Champagne Grand Cru N.V.,349.0,norway,no,Fin str√•gul farge. Smak av r√∏de epler og noe sitrus. En fin kompleksitet med masse godt skum. Fin lengde som er t√∏rr. Denne koster rundt 400kr og er verdt kronene. Er helt oppe √• kjemper mot de som koster godt over 100kr mer,1
Prologue Champagne Grand Cru N.V.,349.0,russia,ru,"17.5/20 (93/100) –ê—Ä–æ–º–∞—Ç —Å –Ω–æ—Ç–∞–º–∏ —è–±–ª–æ—á–Ω–æ–π –∫–æ–∂—É—Ä—ã, –ª–∏–º–æ–Ω–Ω–æ–≥–æ —Å–æ–∫–∞, –∂–∞—Ä–µ–Ω—ã—Ö –ª–µ—Å–Ω—ã—Ö –æ—Ä–µ—Ö–æ–≤ –∏ —Å–ø–∏—á–µ—á–Ω–æ–π –≥–æ–ª–æ–≤–∫–∏. –î–æ–≤–æ–ª—å–Ω–æ —Ç–µ–ª—å–Ω–æ–µ —Å –º–µ–ª–æ–≤–æ–π —Ç–µ–∫—Å—Ç—É—Ä–æ–π –∏ –≤—ã—Å–æ–∫–æ–π, –Ω–æ —Ö–æ—Ä–æ—à–æ —Å–±–∞–ª–∞–Ω—Å–∏—Ä–æ–≤–∞–Ω–Ω–æ–π –∫–∏—Å–ª–æ—Ç–Ω–æ—Å—Ç—å—é. –ù–µ–ø—Ä–æ—Å—Ç–æ–µ, –±–ª–∞–≥–æ—Ä–æ–¥–Ω–æ–µ —à–∞–º–ø–∞–Ω—Å–∫–æ–µ.",1
Prologue Champagne Grand Cru N.V.,349.0,united-states,un,94pts,1
Prologue Champagne Grand Cru N.V.,349.0,norway,un,Great,1
Prologue Champagne Grand Cru N.V.,349.0,united-states,en,"Roasted sunflower seeds and sultanas on the nose. Very aromatic and the 30% chard gives it a light butteriness. Dry on the tongue with surprise weight - we noticed light limestone minerality, more sultanas and juicy pear. Delicious. A great celebratory champagne!",1
Prologue Champagne Grand Cru N.V.,349.0,united-states,en,"I‚Äôm sure there are better champagnes, but I‚Äôm still giving 5 stars because this is more like a 4.6. ",1
Prologue Champagne Grand Cru N.V.,349.0,ukraine,ru,"–£ –º–µ–Ω—è –±—ã–ª–æ –≤–∏–Ω–æ –≤—ã–∂–∏–≤—à–µ–µ –ø–æ–ª–µ –±–æ–º–±–∞—Ä–¥–∏—Ä–æ–≤–∫–∏ —Å–∫–ª–∞–¥–∞ Good Wien –≤ –ì–æ—Å—Ç–æ–º–µ–ª–µ –ø–æ–¥ –ö–∏–µ–≤–æ–º. 
 –û–Ω–æ –±—ã–ª–æ –º–µ—Ä—Ç–≤–æ–µ‚Ä¶. ‚úäüá∫üá¶
 
  ",1
Prologue Champagne Grand Cru N.V.,349.0,russia,ru,"–ü–æ—Ç—Ä—è—Å–∞—é—â–µ–µ —à–∞–º–ø–∞–Ω—Å–∫–æ–µ –Ω–∞ –º–æ–π –≤–∑–≥–ª—è–¥.. –Ω–∞ —Å–∞–π—Ç–µ —Ü–µ–Ω–∞ –∑–∞–Ω–∏–∂–µ–Ω–∞ –ø–æ—á–µ–º—É —Ç–æ .. –¥—Ä–æ–∂–∂–∏ , –∫–ª—É–±–Ω–∏–∫–∞, —á—É—Ç—å —Å–ª–∏–≤–æ–∫ –∏ –∞—Ä–æ–º–∞—Ç —Å–æ–º–æ–π –§—Ä–∞–Ω—Ü–∏–∏ ",1
Prologue Champagne Grand Cru N.V.,349.0,united-states,en,"In the glass, light yellow with very fine bubbles. On the nose, lots of green apple! Also some lemon and even hints of tangerine. On the palate, very dry, lots of acidity. ",0
Prologue Champagne Grand Cru N.V.,349.0,united-states,en,"Beautiful straw color, crisp, balanced, delicious ",1
Prologue Champagne Grand Cru N.V.,349.0,netherlands,un,Great value!,1
Prologue Champagne Grand Cru N.V.,349.0,sweden,un,"
",1
Prologue Champagne Grand Cru N.V.,349.0,sweden,un,Great!,1
Prologue Champagne Grand Cru N.V.,349.0,sweden,en,"Excellent quality for a very reasonable price. Tart, crispy with tones of grapefruit and green apple. ",1
Prologue Champagne Grand Cru N.V.,349.0,united-states,en,"Classic Verzenay, complex, dry, a little yeast. Well balanced, green apples.  Yum! Amazing for the price.",1
Prologue Champagne Grand Cru N.V.,349.0,united-kingdom,en,"üëÉüèª  brioche green apple cream grapefruit

üëÖ  yeast brioche butter honey apricot orange yellow apple marzipan lime chalk raspberry bruised apple butterscotch",0
Prologue Champagne Grand Cru N.V.,349.0,italy,it,"Semplicemente ‚Äúchapeau‚Äù üòä. Una gran beva, elegante ed equilibrata. Il d√©gorgement nel 2019, cio√® 2 anni fa si sente nella complessit√†. Vorrei poterlo bere pi√π spesso! ü•Ç",1
Prologue Champagne Grand Cru N.V.,349.0,belgium,nl,Topper van Stijn. Doet me denken aan andere champagne die we zelf in de champagnestreek zjjn gaan halen. ,1
Prologue Champagne Grand Cru N.V.,349.0,united-states,ru,—Å—É–∫–∞ —á—Ç–æ –∂ –≤—ã –¥–µ–ª–∞–µ—Ç–µ,1
Prologue Champagne Grand Cru N.V.,349.0,netherlands,nl,Briljant en veel emotie gezien de naam ‚ÄòLabruyere‚Äô,1
Prologue Champagne Grand Cru N.V.,349.0,netherlands,nl,Toppertje dit. Appel duidelijk aanwezig subtiele nasmaak ü§ó,1
Prologue Champagne Grand Cru N.V.,349.0,sweden,en,"Quite foamy bubbles, nice colour and a complex brioche and biscuit aroma with some green apples - nice that you feel the 70 % Pinot Noir. On the palate citrus and apples, unfortunately next to no finish and quite bland for being a Champagne. Still pleasant though.",0
Prologue Champagne Grand Cru N.V.,349.0,norway,en,"üé® Golden
üëÉ  brioche citrus apple
üëÖ high acidity, slightly off balance and not complemented with freshness.  Medium convent  tree stink and finish.  Feel it lacks some elegance and properly defined fruit.  Also balance is missing, mousse not as creamy as expected.  Rate that a Champahne disappoints, but this one did.  85/100",0
Prologue Champagne Grand Cru N.V.,349.0,united-states,en,"Rich, slightly smoky, brutally bone dry. A pedigree of Grand Cru vineyards that formerly went into Dom Perignon. A truly exceptional Champagne!
",1
Prologue Champagne Grand Cru N.V.,349.0,united-states,en,"I taste a strong fruit with hints of grape and apple, with a dry finish.",1
Prologue Champagne Grand Cru N.V.,349.0,denmark,en,"Dry, balanced, great with 70% Pinot noir grape",1
Prologue Champagne Grand Cru N.V.,349.0,estonia,en,"Fruity, smooth bubbles, soft taste ",1
Prologue Champagne Grand Cru N.V.,349.0,united-states,en,French reco in NYC,1
Prologue Champagne Grand Cru N.V.,349.0,united-states,en,"Fantastic clear, bright Pinot flavor. A little flavor of age. Great nose, well balanced, forward mouth feel and flavor",1
Prologue Champagne Grand Cru N.V.,349.0,united-states,en,"4.3 - lovely, fine bubbles. Green apples and pear. On the sweeter side but I didn‚Äôt mind. ",1
Prologue Champagne Grand Cru N.V.,349.0,canada,en,"Brioche, lemon zest, well balanced ",1
Prologue Champagne Grand Cru N.V.,349.0,canada,en,Excellent value. Nice subtle flavor of brioche. Light gentle big bubbles. Mmmm,1
Prologue Champagne Grand Cru N.V.,349.0,canada,en,Sorry not there. A yeast taste with a big sour aftertaste. However to those who do not have champagne often this will work. ,0
Prologue Champagne Grand Cru N.V.,349.0,united-states,en,"Grand Cru at a great price point.  Loved the wine, and can recommend it if you love sparkling.  It is a great rendition. ",0
Prologue Champagne Grand Cru N.V.,349.0,japan,un,„Éñ„É©„É≥„Éâ„Éñ„É©„É≥ÁéãÈÅì„Å®„ÅÑ„ÅÜÊÑü„Åò„ÄÄ100%„É™„Éî„Éº„Éà,1
Prologue Champagne Grand Cru N.V.,349.0,latvia,ru,"–ü—Ä–µ–∫—Ä–∞—Å–Ω–æ–µ —à–∞–º–ø–∞–Ω—Å–∫–æ–µ. –ö–∏—Å–ª–æ—Ç–Ω–æ–µ, –Ω–∞—Å—ã—â–µ–Ω–Ω—ã–π –≤–∫—É—Å —Å —è–±–ª–æ–∫–æ–º –∏ –≥—Ä—É—à–µ–π. –ü—Ä–∏—á—ë–º –∫ –∫–∞–∫ –≤ –∞—Ä–æ–º–∞—Ç–µ —Ç–∞–∫ –∏ –ø–æ –≤–∫—É—Å–µ. –°–≤–µ–∂–∏–π –≤–∫—É—Å.",1
Prologue Champagne Grand Cru N.V.,349.0,united-states,en,Juicy fruit Amazing.  ,1
Prologue Champagne Grand Cru N.V.,349.0,sweden,un,Red Apples,1
Prologue Champagne Grand Cru N.V.,349.0,japan,un,„Éï„É≠„É™„É¨„Éº„Ç∏„É•„ÅÆ„É©„É≥„ÉÅ„ÅßÂá∫„Å¶„Åç„Åü„Ç∑„É£„É≥„Éë„É≥,1
Prologue Champagne Grand Cru N.V.,349.0,brazil,un,Fantastico,1
Prologue Champagne Grand Cru N.V.,349.0,sweden,un,A champagne! ,1
Prologue Champagne Grand Cru N.V.,349.0,sweden,un,Mycket god,1
Prologue Champagne Grand Cru N.V.,349.0,united-states,un,H,1
Prologue Champagne Grand Cru N.V.,349.0,sweden,un,"
",1
Prologue Champagne Grand Cru N.V.,349.0,switzerland,en,Quite acidic and not so well balanced.,0
Prologue Champagne Grand Cru N.V.,349.0,ukraine,ru,"–ù–æ—Å - –ª–µ–∂–∞–ª—ã–µ —è–±–ª–æ–∫–∏, —á—É—Ç—å-—á—É—Ç—å –ø–ª–µ—Å–µ–Ω–∏. –°—Ç–∞—Ä—Ç –¥–æ–≤–æ–ª—å–Ω–æ –∫–∏—Å–ª–æ—Ç–Ω—ã–π, –ø–æ—Ç–æ–º —è–±–ª–æ–∫–∏, –Ω–µ–±–æ–ª—å—à–∞—è —Ç–µ—Ä–ø–∫–æ—Å—Ç—å, –∫–æ—Ä–æ—Ç–∫–æ–µ –æ—â—É—â–µ–Ω–∏–µ –ø–ª–µ—Å–µ–Ω–∏, —Å—Ä–µ–¥–Ω–µ–µ –ø–æ—Å–ª–µ–≤–∫—É—Å–∏–µ —Å —è–≤–Ω—ã–º –ø—Ä–∏–≤–∫—É—Å–æ–º –≤–∏–Ω–æ–≥—Ä–∞–¥–Ω–æ–≥–æ —Å–æ–∫–∞.",0
Prologue Champagne Grand Cru N.V.,349.0,sweden,en,Minerals and bitter citrus zest. Bitterness is not very pleasant.,0
Prologue Champagne Grand Cru N.V.,349.0,denmark,en,"A nice glass of Champagne üëå See earlier review for tasting notes!

Cheers ü•Ç",0
Prologue Champagne Grand Cru N.V.,349.0,united-states,en,Very dry aftertaste,0
Prologue Champagne Grand Cru N.V.,349.0,united-states,en,Alright but with an off aftertaste.,0
Prologue Champagne Grand Cru N.V.,349.0,italy,it,"Molto rustico , quasi barocco . Ideale anche con formaggi",0
Prologue Champagne Grand Cru N.V.,349.0,italy,it,"Spettacolare √® il minimo per questo Spumante! Non voglio aggiungere altro! La complessit√† dei profumi √® ottima . Fresco. Fine . Equilibrato . Una PAI ottima . 
Bevuto con cappe Sante, gamberi ai ferri! ",1
Prologue Champagne Grand Cru N.V.,349.0,japan,un,"ÁÑº„ÅçÊûóÊ™é„ÅÆ„Çà„ÅÜ„Å™È¶ô„Å∞„Åó„Åï„ÄÅ„Éï„É¨„ÉÉ„Ç∑„É•„Å™ÈÖ∏„ÄÅËúú„ÅÆ„Éï„É¨„Éº„Éê„Éºü•∞
Ê≥°„ÅØÁ¥∞„Åã„Åè„Åæ„Çç„ÇÑ„Åã„ÄÇÊπøÂ∫¶„Åå‰Ωé„Åè„Éâ„É©„Ç§„Å™Âë≥„Çè„ÅÑ„Å†„Åë„Å©Â§ßÂ§â„Åµ„Åè„Çà„Åã„ÄÇËµ§ÈÖ¢„ÅÆ„Ç¨„É™„Å®„Å∞„Å£„Å°„ÇäÂêà„ÅÑ„Åæ„Åó„Åü„ÄÇ",1
Prologue Champagne Grand Cru N.V.,349.0,sweden,un,@hargedahls,0
Prologue Champagne Grand Cru N.V.,349.0,japan,un,ÈÖ∏Âë≥„Å®ÊûúÂÆüÂë≥„Åå„Çà„ÅÑ„Éê„É©„É≥„Çπ,0
Prologue Champagne Grand Cru N.V.,349.0,ukraine,un,–°–ª–æ–∂–Ω–æ –∏ –∑–µ–ª–µ–Ω–æ ,0
Prologue Champagne Grand Cru N.V.,349.0,united-states,en,Not impressed. Good start but then had a displeasing aftertaste on the finish. ,0
Prologue Champagne Grand Cru N.V.,349.0,italy,it,"Colore e profumo super, un piacere vedere il suo perlage",1
Prologue Champagne Grand Cru N.V.,349.0,france,fr,"Champagne brut nature, tr√®s bien √©quilibr√© avec une belle structure et une belle longueur en bouche avec de la fra√Æcheur et de la vivacit√©.",1
Prologue Champagne Grand Cru N.V.,349.0,germany,de,"Sehr f√ºlliger und cremiger Champagner. Brioche, Nuss und Toastaromen. Sehr sch√∂n trocken und geschmeidig. Sehr gutes Preis/Leistungsverh√§ltnis.
",1
Prologue Champagne Grand Cru N.V.,349.0,france,fr,"C‚Äôest fin, √©l√©gant et subtile ! C‚Äôest l√©ger en bouche mais les ar√¥mes restent puissants avec une belle longueur sur le palais. Un vin remarquable ! ",1
Prologue Champagne Grand Cru N.V.,349.0,sweden,un, ,1
Prologue Champagne Grand Cru N.V.,349.0,norway,un,Excelent,1
Prologue Champagne Grand Cru N.V.,349.0,viet-nam,un,"Brioche, lemon, crisp.",1
Prologue Champagne Grand Cru N.V.,349.0,canada,en,"What a beautiful champagne. Crisp apple, pear, yeast, vanilla. Lovely minerality, salt and a creaminess. ",1
Prologue Champagne Grand Cru N.V.,349.0,japan,ja,„Ç®„Éé„ÉÜ„Ç´Â∫ÉÂ∞æÊú¨Â∫ó„ÅÆ„Ç∑„É£„É≥„Éë„Éº„Éã„É•„Éª„Éñ„É©„É≥„Éª„Éâ„Éª„Éñ„É©„É≥ 10ÈäòÊüÑ„ÄÄÊ∞¥Âπ≥È£≤„Åø„Å´„Å¶„ÄÇJ.M.Labruyere(„É©„Éñ„É™„É•„Ç§„Ç®„Éº„É´)„Åï„ÇìÂàùÈ£≤„Åø„ÄÇ„Ç∑„É£„É≥„Éë„Éº„Éã„É•Âú∞ÊñπÂåóÂÅ¥„ÅÆ„É¥„Çß„É´„Ç∫„Éç„Ç§„ÅÆ„Ç∑„É£„É´„Éâ„Éç„ÄÇÂ§ñË¶≥„ÅØ„ÄÅ„Ç∑„É£„É≥„Éë„É≥„Ç¥„Éº„É´„Éâ„ÅßÊ≥°Á´ã„Å°„ÅØÁ∑©„ÇÑ„Åã„ÄÇ„Ç≥„É´„Éâ„É≥„ÇÇ„Åß„Åç„Å¶„Çã„ÄÇÈ¶ô„Çä„ÅØ„ÄÅ„Åæ„Åö„ÇØ„É™„É≥„Éç„Çπ„ÇíÊÑü„Åò„Çã„ÄÇ„Åù„Åó„Å¶„ÄÅ„Çè„Åö„Åã„Å´„Éâ„É©„Ç§„Éê„Éä„Éä„ÅÆÈ¶ô„Çä„ÄÇ„ÅÇ„Åæ„ÇäÈ¶ô„Çâ„Åö„ÄÅÂ•Ω„Åç„Å™È¶ô„Çä„Åß„ÅØ„Å™„ÅÑ„ÄÇÂë≥„Çè„ÅÑ„ÅØ„ÄÅ„Ç¢„Çø„ÉÉ„ÇØ„ÅØ„Åã„Å™„ÇäÂº∑„ÅÑ„ÄÇÂè£‰∏≠È¶ô„ÅØÊÄù„Å£„Åü„Çà„Çä„ÇÇÊÇ™„Åè„Å™„ÅÑ„ÄÇËã¶Âë≥„Åå‰∏ª‰Ωì„Å†„Çç„ÅÜ„Åã„ÄÅË±ä„Åã„Å™„Éü„Éç„É©„É´„Å®Êó®Âë≥„ÅåÂáùÁ∏Æ„Åï„Çå„Å¶„ÅÑ„Çã„ÄÇÂêå„Åò„É¥„Çß„É´„Ç∫„Éç„Ç§„Å™„Çâ„É©„É≥„ÇΩ„É≥„ÅÆÊñπ„ÅåÂ•Ω„Åç„Å†„Å™„ÄÇ‰æ°Ê†ºÁõ∏Âøú„Åã„ÄÅ„Å°„Çá„Å£„Å®„Ç≥„Çπ„ÉëÊÇ™„ÅÑÂç∞Ë±°„ÄÇ,0
Prologue Champagne Grand Cru N.V.,349.0,netherlands,nl,Ongelofelijk goede Champagne. Ik snap wel dat Dom Perignon de druiven kocht van dit inmiddels zelfstandige huis. De Pinot Noir is zeer goed terug te proeven in de volle smaak. Chardonnay zorgt voor een frisse kick erdoorheen.        Prijs/kwaliteit is perfect!! ,1
Prologue Champagne Grand Cru N.V.,349.0,norway,no,"Mye epler, hint sitrus og brioche. Litt anonym. Fin mouss√©, grei balanse mellom syre og t√∏rrhet. ",0
Prologue Champagne Grand Cru N.V.,349.0,sweden,en,Apple and minerals. S√• gott!,1
Prologue Champagne Grand Cru N.V.,349.0,canada,en,"Very well balanced , light bubbles and smooth ",1
Prologue Champagne Grand Cru N.V.,349.0,netherlands,en,"So crispy, so bubbly, like fireworks in my mouth ",1
Prologue Champagne Grand Cru N.V.,349.0,united-states,en,Grand Cru Champagne... nothing more to say!!!,1
Prologue Champagne Grand Cru N.V.,349.0,united-states,en,"Brioche, rich yet light on the palate. A tiny bit of green apple.",1
Prologue Champagne Grand Cru N.V.,349.0,united-states,en,Great value Grand Cru grower champagne. Grapes used to be sold to Dom Perignon. ,1
Prologue Champagne Grand Cru N.V.,349.0,united-states,en,Great value for a grower Champagne,1
Prologue Champagne Grand Cru N.V.,349.0,france,en,Just tried it. Very nice freshness.,1
Prologue Champagne Grand Cru N.V.,349.0,canada,en,"Light bubbles, well balanced and smooth to be enjoyed as a nice appetizer ",1
Prologue Champagne Grand Cru N.V.,349.0,finland,en,Best! brioche lemon citrus apple ,1
Prologue Champagne Grand Cru N.V.,349.0,united-states,en,Lovely flavor and special family owned champagne house.,1
Prologue Champagne Grand Cru N.V.,349.0,finland,en,apple brioche toast straw chalk ,1
Prologue Champagne Grand Cru N.V.,349.0,united-kingdom,en,Fantastic for price ,1
Prologue Champagne Grand Cru N.V.,349.0,cyprus,ru,"4.3

–û—Ç–ª–∏—á–Ω—ã–π –±—Ä—é—Ç, —è–±–ª–æ—á–Ω—ã–π –ø–æ–Ω—á–∏–∫ –∏ –º–∏–Ω–µ—Ä–∞–ª—ã.",1
Prologue Champagne Grand Cru N.V.,349.0,france,un,Fine bulle...,1
Prologue Champagne Grand Cru N.V.,349.0,united-states,un,Delicious. Like Dom,1
Prologue Champagne Grand Cru N.V.,349.0,united-states,un,Nice buttery flavor,1
Prologue Champagne Grand Cru N.V.,349.0,japan,un,„Çπ„ÉÉ„Ç≠„É™ËæõÂè£,1
Prologue Champagne Grand Cru N.V.,349.0,united-states,un,Fantastic!!!  Worth every penny. ,1
Prologue Champagne Grand Cru N.V.,349.0,austria,un,"Super Champagner 
",1
Prologue Champagne Grand Cru N.V.,349.0,spain,un,"Elegante con nariz excelente , una maravilla .",1
Prologue Champagne Grand Cru N.V.,349.0,united-states,un,"Dry, yeasty
",1
Prologue Champagne Grand Cru N.V.,349.0,south-africa,un,Delicious! ,1
Prologue Champagne Grand Cru N.V.,349.0,netherlands,un,"
",1
Prologue Champagne Grand Cru N.V.,349.0,italy,un,Non delude mai,1
Prologue Champagne Grand Cru N.V.,349.0,japan,un,ÈÖ∏Âë≥„ÅåÂº∑„ÇÅ„ÅÆ„Å®„Å¶„ÇÇ„Éï„É´„Éº„ÉÜ„Ç£„Éº,1
Prologue Champagne Grand Cru N.V.,349.0,netherlands,un,Top!,1
Prologue Champagne Grand Cru N.V.,349.0,sweden,un,Ver nice and fine taste,1
Prologue Champagne Grand Cru N.V.,349.0,italy,un,"Grande scoperta
",1
Prologue Champagne Grand Cru N.V.,349.0,france,un,Fruit√© sec ,1
Prologue Champagne Grand Cru N.V.,349.0,russia,un,"–°—Ç—Ä–æ–≥–æ–µ, –º–∏–Ω–µ—Ä–∞–ª—å–Ω–æ–µ ",1
Prologue Champagne Grand Cru N.V.,349.0,taiwan,un,ÈÄô‰∏ÄÊ¨æÊòØÁôæÊê≠ÈÖíÔºåÈ≠öÂçµÔºåÂπ≤Ë≤ùÔºåÁîüÈ≠öÁâáÈÉΩÊê≠,1
Prologue Champagne Grand Cru N.V.,349.0,norway,en,"Nice color. Heavy and food-ish taste.
Nice with chicken, but not at the balcony ",0
Prologue Champagne Grand Cru N.V.,349.0,italy,it,"Ottimo champagne, fruttato e non molto secco",1
Prologue Champagne Grand Cru N.V.,349.0,netherlands,nl,"Rozijnen, boter, kruiden, toast, heerlijk complex en lange afdronk, neigt bijna naar een oude champagne , bijzonder lekker",1
Prologue Champagne Grand Cru N.V.,349.0,spain,un,"Seco
Tapon de conglomerado de corcho
Cabezon",0
Prologue Champagne Grand Cru N.V.,349.0,netherlands,nl,Fantastische champagne bij Vivino in de aanbieding voor 33 euro. Geld dubbel en dwars waard!,1
Prologue Champagne Grand Cru N.V.,349.0,italy,it,Ho trovato grazie a Vivino questo prodotto che preferisco ed amo Rispo tri a tanti pi√π commerciali ,1
Prologue Champagne Grand Cru N.V.,349.0,ukraine,ru,"–õ–µ–≥–∫–æ, —Å–≤–µ–∂–æ, –Ω–µ —Ç—Ä–µ–±—É–µ—Ç –Ω–∏–∫–∞–∫–æ–π –µ–¥—ã, —Ö–æ—Ç—è –Ω–∞–≤–µ—Ä–Ω—è–∫–∞ —É—Å—Ç—Ä–∏—Ü—ã –∑–∞—à–ª–∏ –±—ã. –û—á–µ–Ω—å —Ö–æ—Ä–æ—à–æ. ",1
Prologue Champagne Grand Cru N.V.,349.0,norway,no,"God, velbalansert og fruktig ",1
Prologue Champagne Grand Cru N.V.,349.0,france,fr,"Belles bulles, notes de bois√© qui ne g√¢chent rien! Un r√©gal √† l'ap√©ritif !",1
Prologue Champagne Grand Cru N.V.,349.0,netherlands,nl,"Heerlijk, niet te bitter. Goede smaak!
",1
Prologue Champagne Grand Cru N.V.,349.0,france,fr,"Excellent champagne pour une soir√©e arros√©e 
Je le recommande ",1
Prologue Champagne Grand Cru N.V.,349.0,ukraine,ru,–ü—Ä–µ–∫—Ä–∞—Å–Ω–æ–µ! –ë—Ä–∞—Ç—å! –ò —É—Å—Ç—Ä–∏—Ü—ã –∫ –Ω–µ–º—É,1
Prologue Champagne Grand Cru N.V.,349.0,netherlands,nl,Heerlijke champagne! Niet te droog en een frisse afdronk! ,1
Prologue Champagne Grand Cru N.V.,349.0,belgium,nl,"Volle smaak, fijne bubbel, lekker 
",1
Prologue Champagne Grand Cru N.V.,349.0,brazil,un,.,1
Prologue Champagne Grand Cru N.V.,349.0,united-kingdom,en,"Two bottles assessed, both disappointing. High level of oxidation with no fruit remaining, flat and tired palate profile. Another bottle was not oxidised but acidity very sharp and astringent. The wine is not balanced even if not faulty. ",0
Prologue Champagne Grand Cru N.V.,349.0,united-states,en,"All Chardonnay, so not a dry champagne. Fruitier than most. ",0
Prologue Champagne Grand Cru N.V.,349.0,netherlands,en,"Green Apple, tiny bit too acidic for my taste ",0
Prologue Champagne Grand Cru N.V.,349.0,sweden,un,"
",0
Prologue Champagne Grand Cru N.V.,349.0,italy,un,"
",0
Prologue Champagne Grand Cru N.V.,349.0,japan,un,"Fruity, dry",0
Prologue Champagne Grand Cru N.V.,349.0,norway,un,Green Apple,0
Prologue Champagne Grand Cru N.V.,349.0,sweden,un,A bit acidic,0
Prologue Champagne Grand Cru N.V.,349.0,france,un,Bon champagne üëåüèº,0
Prologue Champagne Grand Cru N.V.,349.0,south-africa,en,"Dry fruity brilliant 
",1
Prologue Champagne Grand Cru N.V.,349.0,netherlands,nl,"Harde bubbel, tikkie zurig.. valt tegen helaas",0
Prologue Champagne Grand Cru N.V.,349.0,ukraine,un,Hm,0
Prologue Champagne Grand Cru N.V.,349.0,united-kingdom,un,Delicious!,1
Prologue Champagne Grand Cru N.V.,349.0,united-states,un,"
",0
Prologue Champagne Grand Cru N.V.,349.0,france,fr,"Belle min√©ralit√©, nez epices orang√©es biscuit,  parfait avec un dessert fruit√© ! ",0
Prologue Champagne Grand Cru N.V.,349.0,netherlands,nl,Aan de zure kant. Met een hapje erbij verbetert de afdronk.,0
